1/12/2017 10:46,model=SM-G950F,,,,1,DIR-825-4f83,80:26:89:0d:4f:84,1,-88,,,,,,,,,,,,,,,,,,,,,,,,,,,,,,,,,,,,
1/12/2017 10:46,model=SM-G950F,,,,1,sellahome,d8:fb:5e:17:47:f8,9,-73,,,,,,,,,,,,,,,,,,,,,,,,,,,,,,,,,,,,
1/12/2017 10:46,model=SM-G950F,,,,1,Oded 5Ghz,00:12:2a:e1:6c:4c,48,-89,,,,,,,,,,,,,,,,,,,,,,,,,,,,,,,,,,,,
1/12/2017 10:46,model=SM-G950F,,,,1,SHAHAF2.4,20:0c:c8:0a:ef:2a,11,-82,,,,,,,,,,,,,,,,,,,,,,,,,,,,,,,,,,,,
1/12/2017 10:45,model=SM-G950F,,,,1,yotam17,f8:ab:05:e9:6d:3d,10,-85,,,,,,,,,,,,,,,,,,,,,,,,,,,,,,,,,,,,
1/12/2017 10:45,model=SM-G950F,,,,1,Oded 5Ghz,00:12:2a:e1:6c:4c,48,-84,,,,,,,,,,,,,,,,,,,,,,,,,,,,,,,,,,,,
1/12/2017 10:45,model=SM-G950F,,,,1,Oded 2.4Ghz,00:12:2a:e1:6c:48,11,-83,,,,,,,,,,,,,,,,,,,,,,,,,,,,,,,,,,,,
1/12/2017 10:45,model=SM-G950F,,,,1,UFI_UF230_B3F,00:0b:6c:4d:1b:3f,6,-70,,,,,,,,,,,,,,,,,,,,,,,,,,,,,,,,,,,,
1/12/2017 10:45,model=SM-G950F,,,,3,ter123,70:4d:7b:0c:89:50,6,-72,klaiman,a0:ab:1b:62:0d:fc,2,-78,HOTBOX-62EF,d8:fb:5e:17:62:f5,1,-80,,,,,,,,,,,,,,,,,,,,,,,,,,,,
1/12/2017 10:45,model=SM-G950F,,,,3,UFI_UF230_B3F,00:0b:6c:4d:1b:3f,6,-83,HP-Print-8A-Deskjet 4640 series,8c:dc:d4:6a:a9:8a,11,-89,landau,d4:7b:b0:79:65:fc,11,-92,,,,,,,,,,,,,,,,,,,,,,,,,,,,
1/12/2017 10:45,model=SM-G950F,,,,4,arama,80:1f:02:36:04:d0,11,-81,hilda,00:30:4f:91:36:07,6,-89,Astra,00:21:63:4d:73:31,6,-92,BezeqFree,5a:ab:1b:62:0d:fd,2,-93,,,,,,,,,,,,,,,,,,,,,,,,
1/12/2017 10:45,model=SM-G950F,,,,1,nina,20:0c:c8:2b:2a:14,11,-68,,,,,,,,,,,,,,,,,,,,,,,,,,,,,,,,,,,,
1/12/2017 10:45,model=SM-G950F,,,,4,LRWN,ec:8c:a2:09:dd:4c,44,-70,LRWN,0c:f4:d5:29:a2:9c,36,-76,HOTFiber-400D,40:65:a3:2b:62:22,6,-88,HOTFiber-400D,40:65:a3:2b:62:0e,6,-89,,,,,,,,,,,,,,,,,,,,,,,,
1/12/2017 10:45,model=SM-G950F,,,,1,LRWN,0c:f4:d5:29:a2:9c,36,-91,,,,,,,,,,,,,,,,,,,,,,,,,,,,,,,,,,,,
1/12/2017 10:44,model=SM-G950F,,,,6,RS_GUEST,ec:08:6b:38:0d:dd,12,-85,RS_GUEST_5G,ec:08:6b:38:0d:dc,44,-89,DIRECT-F4-HP DeskJet 3830 series,c8:d3:ff:57:60:f5,1,-89,simon,e4:6f:13:73:0a:c2,8,-89,HTC,06:c2:3e:e4:21:85,4,-89,KaymeraDev,00:f6:63:15:58:8e,36,-92,,,,,,,,,,,,,,,,
1/12/2017 10:44,model=SM-G950F,,,,1,edimax_2.4G_A92417,74:da:38:a9:24:17,3,-75,,,,,,,,,,,,,,,,,,,,,,,,,,,,,,,,,,,,
1/12/2017 10:44,model=SM-G950F,,,,2,HP-Print-20-Deskjet 4640 series,fc:15:b4:65:09:20,1,-87,HOTBOX-2E6E,c0:ac:54:f7:27:42,11,-89,,,,,,,,,,,,,,,,,,,,,,,,,,,,,,,,
1/12/2017 10:44,model=SM-G950F,,,,1,Neeman2.4_5,20:0c:c8:1d:c8:2c,60,-89,,,,,,,,,,,,,,,,,,,,,,,,,,,,,,,,,,,,
1/12/2017 10:44,model=SM-G950F,,,,5,HOTFiber-A53E,7c:b7:33:a1:7e:98,6,-80,rdk,e4:d3:f1:9a:81:60,13,-85,RDK,58:b6:33:34:81:a8,1,-85,RDK,58:b6:33:34:ae:f8,11,-85,dlink,40:9b:cd:11:2f:88,44,-92,,,,,,,,,,,,,,,,,,,,
1/12/2017 10:44,model=SM-G950F,,,,1,home,00:13:d4:0f:f3:ba,1,-77,,,,,,,,,,,,,,,,,,,,,,,,,,,,,,,,,,,,
1/12/2017 10:44,model=SM-G950F,,,,2,home,00:13:d4:0f:f3:ba,1,-83,TP-LINK_2C3A,84:16:f9:d7:2c:3a,1,-90,,,,,,,,,,,,,,,,,,,,,,,,,,,,,,,,
1/12/2017 10:44,model=SM-G950F,,,,1,DAVID,d8:fb:5e:17:1b:d6,11,-92,,,,,,,,,,,,,,,,,,,,,,,,,,,,,,,,,,,,
1/12/2017 10:44,model=SM-G950F,,,,2,mika1,c4:12:f5:fb:c0:3e,1,-82,donush,c0:ac:54:f5:b7:f2,1,-87,,,,,,,,,,,,,,,,,,,,,,,,,,,,,,,,
1/12/2017 10:44,model=SM-G950F,,,,1,varda,c4:12:f5:85:27:c2,1,-87,,,,,,,,,,,,,,,,,,,,,,,,,,,,,,,,,,,,
1/12/2017 10:44,model=SM-G950F,,,,1,Liza,8c:59:c3:ea:db:4a,1,-78,,,,,,,,,,,,,,,,,,,,,,,,,,,,,,,,,,,,
1/12/2017 10:44,model=SM-G950F,,,,2,Helen.,a0:ab:1b:57:cd:42,10,-79,U2I8L1M0X42,54:64:d9:66:29:ef,11,-85,,,,,,,,,,,,,,,,,,,,,,,,,,,,,,,,
1/12/2017 10:43,model=SM-G950F,,,,2,urigil1,a0:ab:1b:5d:c2:60,10,-90,INGENEO,cc:b2:55:e8:4c:e6,6,-91,,,,,,,,,,,,,,,,,,,,,,,,,,,,,,,,
1/12/2017 10:43,model=SM-G950F,,,,2,ELDAD,10:0d:7f:80:17:80,11,-78,Eldad_2EX,80:1f:02:e8:b9:cc,11,-82,,,,,,,,,,,,,,,,,,,,,,,,,,,,,,,,
1/12/2017 10:43,model=SM-G950F,,,,1,DIR-825-4f83,80:26:89:0d:4f:84,1,-57,,,,,,,,,,,,,,,,,,,,,,,,,,,,,,,,,,,,
1/12/2017 10:43,model=SM-G950F,,,,1,DIR-825-4f83,80:26:89:0d:4f:84,1,-66,,,,,,,,,,,,,,,,,,,,,,,,,,,,,,,,,,,,
1/12/2017 10:43,model=SM-G950F,,,,1,dobry2016,6c:b0:ce:ac:32:9b,1,-69,,,,,,,,,,,,,,,,,,,,,,,,,,,,,,,,,,,,
1/12/2017 10:43,model=SM-G950F,,,,1,Bezeq Free GA32E3,52:b0:ce:ac:32:98,1,-80,,,,,,,,,,,,,,,,,,,,,,,,,,,,,,,,,,,,
1/12/2017 10:43,model=SM-G950F,,,,1,KarvatB0.5,14:ae:db:cc:ed:6d,48,-89,,,,,,,,,,,,,,,,,,,,,,,,,,,,,,,,,,,,
1/12/2017 10:43,model=SM-G950F,,,,1,angela,80:1f:02:f5:d8:e8,1,-89,,,,,,,,,,,,,,,,,,,,,,,,,,,,,,,,,,,,
1/12/2017 10:43,model=SM-G950F,,,,1,Efrat,b4:ee:b4:86:c0:f1,11,-74,,,,,,,,,,,,,,,,,,,,,,,,,,,,,,,,,,,,
1/12/2017 10:42,model=SM-G950F,,,,1,HOTBOX-D88A,c0:ac:54:f5:b4:c9,1,-92,,,,,,,,,,,,,,,,,,,,,,,,,,,,,,,,,,,,
1/12/2017 10:46,model=SM-G950F,,,,1,love,14:ae:db:58:73:75,1,-70,,,,,,,,,,,,,,,,,,,,,,,,,,,,,,,,,,,,
1/12/2017 10:46,model=SM-G950F,,,,3,DIR-825-4f83,80:26:89:0d:4f:84,1,-85,Mevohot_3,60:e3:27:e8:41:e8,11,-93,Wifi,74:44:01:39:09:86,11,-93,,,,,,,,,,,,,,,,,,,,,,,,,,,,
1/12/2017 10:46,model=SM-G950F,,,,3,Orit,c4:a8:1d:12:7d:4c,6,-80,DIRECT-CC-HP DeskJet 4670 series,70:5a:0f:b2:64:cd,6,-89,Lahav,08:3e:5d:5c:72:5e,11,-94,,,,,,,,,,,,,,,,,,,,,,,,,,,,
1/12/2017 10:46,model=SM-G950F,,,,1,dobry2016_5,6c:b0:ce:ac:32:9c,60,-89,,,,,,,,,,,,,,,,,,,,,,,,,,,,,,,,,,,,
1/12/2017 10:46,model=SM-G950F,,,,1,HOTBOX-1A14,00:07:26:4f:07:ae,6,-91,,,,,,,,,,,,,,,,,,,,,,,,,,,,,,,,,,,,
1/12/2017 10:46,model=SM-G950F,,,,2,DIR-825-4f83,80:26:89:0d:4f:84,1,-74,Miller,00:78:9e:fa:0e:5c,1,-78,,,,,,,,,,,,,,,,,,,,,,,,,,,,,,,,
1/12/2017 10:46,model=SM-G950F,,,,1,Oded 2.4Ghz,00:12:2a:e1:6c:48,11,-84,,,,,,,,,,,,,,,,,,,,,,,,,,,,,,,,,,,,
1/12/2017 10:46,model=SM-G950F,,,,3,Oded,14:cc:20:76:b8:2a,11,-92,HP-Print-AF-Officejet Pro 6830,28:80:23:40:5f:af,6,-94,TP-LINK_76C08E,14:cc:20:76:c0:8e,1,-94,,,,,,,,,,,,,,,,,,,,,,,,,,,,
1/12/2017 10:46,model=SM-G950F,,,,2,Oded 5Ghz,00:12:2a:e1:6c:4c,48,-82,Motti11,a4:2b:b0:d4:55:36,6,-96,,,,,,,,,,,,,,,,,,,,,,,,,,,,,,,,
1/12/2017 10:45,model=SM-G950F,,,,1,UFI_UF230_B3F,00:0b:6c:4d:1b:3f,6,-92,,,,,,,,,,,,,,,,,,,,,,,,,,,,,,,,,,,,
1/12/2017 10:45,model=SM-G950F,,,,3,Candan,c0:ff:d4:7b:82:30,1,-91,  InnovationEndeavors,74:da:38:a9:1c:df,2,-92,BezeqFree,06:ae:db:48:af:4d,9,-93,,,,,,,,,,,,,,,,,,,,,,,,,,,,
1/12/2017 10:45,model=SM-G950F,,,,4,HOTBOX-2017,c0:ac:54:f5:7d:bd,11,-78,HP-Print-AF-Officejet Pro 6830,28:80:23:40:5f:af,6,-81,TP-LINK_76C08E,14:cc:20:76:c0:8e,1,-86,sirocco_2.4o,c4:e9:84:83:1a:0a,11,-91,,,,,,,,,,,,,,,,,,,,,,,,
1/12/2017 10:45,model=SM-G950F,,,,4,Oded,14:cc:20:76:b8:2a,11,-65,Oded 2.4Ghz,00:12:2a:e1:6c:48,11,-82,HOTBOX-2017,c0:ac:54:f5:7d:bd,11,-87,TP-LINK_76C08E,14:cc:20:76:c0:8e,1,-93,,,,,,,,,,,,,,,,,,,,,,,,
1/12/2017 10:45,model=SM-G950F,,,,3,UFI_UF230_B3F,00:0b:6c:4d:1b:3f,6,-63,hot,00:1c:10:09:4f:bc,3,-77,Oded,14:cc:20:76:b8:2a,11,-89,,,,,,,,,,,,,,,,,,,,,,,,,,,,
1/12/2017 10:45,model=SM-G950F,,,,3,hot,00:1c:10:09:4f:bc,3,-84,HOTBOX-62EF,d8:fb:5e:17:62:f5,1,-85,geller,00:78:9e:fa:3b:62,11,-90,,,,,,,,,,,,,,,,,,,,,,,,,,,,
1/12/2017 10:45,model=SM-G950F,,,,5,ter123,70:4d:7b:0c:89:50,6,-82,arama,80:1f:02:36:04:d0,11,-84,HP-Print-8A-Deskjet 4640 series,8c:dc:d4:6a:a9:8a,11,-89,HOTBOX-62EF,d8:fb:5e:17:62:f5,1,-93,Florida_Israel1,48:ee:0c:3b:fa:1e,1,-94,,,,,,,,,,,,,,,,,,,,
1/12/2017 10:45,model=SM-G950F,,,,11,TUCHLER,00:26:5a:69:94:e3,6,-81,landau,74:da:38:14:4b:88,11,-81,  InnovationEndeavors,74:da:38:a9:1c:df,2,-83,klaiman,a0:ab:1b:62:0d:fc,2,-86,Astra,00:21:63:4d:73:31,6,-86,Mehta_Up,f8:d1:11:b8:3b:7e,6,-87,BezeqFree,5a:ab:1b:62:0d:fd,2,-87,UFI_UF230_B3F,00:0b:6c:4d:1b:3f,6,-89,HOTBOX-8156,b4:ee:b4:a7:81:5c,1,-92,Candan,c0:ff:d4:7b:82:30,1,-93
1/12/2017 10:45,model=SM-G950F,,,,2,mazia,14:ae:db:b2:5f:05,1,-87,arama,80:1f:02:36:04:d0,11,-90,,,,,,,,,,,,,,,,,,,,,,,,,,,,,,,,
1/12/2017 10:45,model=SM-G950F,,,,2,nina,20:0c:c8:2b:2a:14,11,-73,Nehalem_ISR,08:ea:44:74:4b:d5,1,-92,,,,,,,,,,,,,,,,,,,,,,,,,,,,,,,,
1/12/2017 10:45,model=SM-G950F,,,,3,Einav_1,00:26:5a:10:b7:0a,6,-82,RS_GUEST,e4:6f:13:71:f5:ce,9,-92,nina,20:0c:c8:2b:2a:14,11,-92,,,,,,,,,,,,,,,,,,,,,,,,,,,,
1/12/2017 10:45,model=SM-G950F,,,,1,SE-WiFi-Employees,70:4c:a5:20:be:18,1,-94,,,,,,,,,,,,,,,,,,,,,,,,,,,,,,,,,,,,
1/12/2017 10:45,model=SM-G950F,,,,5,LRWN,ec:8c:a2:08:a4:5c,52,-69,Candan,c0:ff:d4:7b:82:30,1,-88,simon,e4:6f:13:73:0a:c2,8,-90,INGENEO,cc:b2:55:e8:4c:e6,6,-91,Oberyn Martell,18:d6:c7:fb:1c:0e,8,-95,,,,,,,,,,,,,,,,,,,,
1/12/2017 10:45,model=SM-G950F,,,,1,A-Home,00:25:86:b1:6f:f8,6,-81,,,,,,,,,,,,,,,,,,,,,,,,,,,,,,,,,,,,
1/12/2017 10:44,model=SM-G950F,,,,7,kaymeraQA,00:f6:63:15:58:80,1,-82,simon,e4:6f:13:73:0a:c2,8,-84,Candan,c0:ff:d4:7b:82:30,1,-87,Vision Public,c0:4a:00:f7:00:c1,10,-89,BARON WIFI 2.4,60:e3:27:bf:a1:a5,11,-91,cactus,a0:4f:d4:42:ba:71,1,-95,KaymeraGuest,cc:16:7e:97:1d:92,1,-95,,,,,,,,,,,,
1/12/2017 10:44,model=SM-G950F,,,,4,Oberyn Martell,18:d6:c7:fb:1c:0e,8,-79,INGENEO,cc:b2:55:e8:4c:e6,6,-87,simon,e4:6f:13:73:0a:c2,8,-89,HTC,06:c2:3e:e4:21:85,4,-92,,,,,,,,,,,,,,,,,,,,,,,,
1/12/2017 10:44,model=SM-G950F,,,,5,forestisthebest,c8:d7:19:da:03:16,6,-78,spielman,f4:f2:6d:34:56:54,1,-79,KaymeraDev,00:f6:63:15:58:81,1,-86,KaymeraGuest,00:f6:63:15:58:82,1,-86,HP-Print-C1-Deskjet 4640 series,28:80:23:f6:e0:c1,11,-87,,,,,,,,,,,,,,,,,,,,
1/12/2017 10:44,model=SM-G950F,,,,2,BezeqNGN_001489_2.4GHz_1,c0:a0:bb:cb:59:5b,1,-73,netbox,d0:d4:12:65:19:a2,1,-96,,,,,,,,,,,,,,,,,,,,,,,,,,,,,,,,
1/12/2017 10:44,model=SM-G950F,,,,3,Bezeq Free T00C36,5a:0c:c8:0f:21:90,1,-92,BezeqFree,62:ee:0c:39:f9:16,5,-94,ELCHARAR_2.4,20:0c:c8:0f:21:93,1,-95,,,,,,,,,,,,,,,,,,,,,,,,,,,,
1/12/2017 10:44,model=SM-G950F,,,,1,Alpha125,30:b5:c2:e0:55:9c,6,-82,,,,,,,,,,,,,,,,,,,,,,,,,,,,,,,,,,,,
1/12/2017 10:44,model=SM-G950F,,,,6,Neeman2.4,20:0c:c8:1d:c8:2b,1,-81,Bezeq Free F026CC,6a:0c:c8:1d:c8:28,1,-81,HP-Print-20-Deskjet 4640 series,fc:15:b4:65:09:20,1,-83,HOTBOX12,d8:fb:5e:17:62:4d,1,-87,oved-main,74:da:3a:97:66:9e,6,-87,HOTBOX-2E6E,c0:ac:54:f7:27:42,11,-93,,,,,,,,,,,,,,,,
1/12/2017 10:44,model=SM-G950F,,,,3,devolo-0f4,30:d3:2d:37:20:f4,6,-80,Neeman2.4,20:0c:c8:1d:c8:2b,1,-87,Bezeq Free F026CC,6a:0c:c8:1d:c8:28,1,-87,,,,,,,,,,,,,,,,,,,,,,,,,,,,
1/12/2017 10:44,model=SM-G950F,,,,1,devolo-0f4,30:d3:2d:37:20:f4,6,-88,,,,,,,,,,,,,,,,,,,,,,,,,,,,,,,,,,,,
1/12/2017 10:44,model=SM-G950F,,,,3,HOTFiber-A53E,7c:b7:33:a1:7e:98,6,-79,Guymic,14:ae:db:b7:99:2d,6,-81,RDK,58:b6:33:34:81:a8,1,-92,,,,,,,,,,,,,,,,,,,,,,,,,,,,
1/12/2017 10:44,model=SM-G950F,,,,2,Guymic,14:ae:db:b7:99:2d,6,-88,HOTFiber-A53E,7c:b7:33:a1:7e:98,6,-90,,,,,,,,,,,,,,,,,,,,,,,,,,,,,,,,
1/12/2017 10:44,model=SM-G950F,,,,2,home,00:13:d4:0f:f3:ba,1,-88,Guymic,14:ae:db:b7:99:2d,6,-95,,,,,,,,,,,,,,,,,,,,,,,,,,,,,,,,
1/12/2017 10:44,model=SM-G950F,,,,1,home,00:13:d4:0f:f3:ba,1,-94,,,,,,,,,,,,,,,,,,,,,,,,,,,,,,,,,,,,
1/12/2017 10:44,model=SM-G950F,,,,1,DAVID,d8:fb:5e:17:1b:d6,11,-96,,,,,,,,,,,,,,,,,,,,,,,,,,,,,,,,,,,,
1/12/2017 10:44,model=SM-G950F,,,,1,Gil Kitchen,80:1f:02:a3:7d:62,6,-96,,,,,,,,,,,,,,,,,,,,,,,,,,,,,,,,,,,,
1/12/2017 10:44,model=SM-G950F,,,,2,Ben Ami_2.4,c4:04:15:60:6a:b5,11,-77,Hilush111,6c:b0:ce:2f:43:36,1,-92,,,,,,,,,,,,,,,,,,,,,,,,,,,,,,,,
1/12/2017 10:44,model=SM-G950F,,,,2,Ben Ami_2.4,c4:04:15:60:6a:b5,11,-84,Shani - Green,54:b8:0a:34:68:90,6,-95,,,,,,,,,,,,,,,,,,,,,,,,,,,,,,,,
1/12/2017 10:44,model=SM-G950F,,,,5,U2I8L1M0X42,7c:b7:33:97:35:f1,1,-73,varda,c4:12:f5:85:27:c2,1,-90,KaymeraDev,00:f6:63:15:58:81,1,-93,Ben Ami_2.4,c4:04:15:60:6a:b5,11,-93,KaymeraGuest,00:f6:63:15:58:82,1,-93,,,,,,,,,,,,,,,,,,,,
1/12/2017 10:43,model=SM-G950F,,,,1,Gil-Up,50:c7:bf:36:df:98,2,-89,,,,,,,,,,,,,,,,,,,,,,,,,,,,,,,,,,,,
1/12/2017 10:43,model=SM-G950F,,,,2,DIR-825-4f83,80:26:89:0d:4f:84,1,-77,Miller,00:78:9e:fa:0e:5c,1,-94,,,,,,,,,,,,,,,,,,,,,,,,,,,,,,,,
1/12/2017 10:43,model=SM-G950F,,,,1,varda,c4:12:f5:85:27:c2,1,-95,,,,,,,,,,,,,,,,,,,,,,,,,,,,,,,,,,,,
1/12/2017 10:43,model=SM-G950F,,,,1,HOTBOX1234,00:78:9e:f9:f5:5b,1,-82,,,,,,,,,,,,,,,,,,,,,,,,,,,,,,,,,,,,
1/12/2017 10:43,model=SM-G950F,,,,2,Eldad_2EX,80:1f:02:e8:b9:cc,11,-81,HOTBOX1234,30:b5:c2:6e:12:d4,1,-88,,,,,,,,,,,,,,,,,,,,,,,,,,,,,,,,
1/12/2017 10:43,model=SM-G950F,,,,2,ELDAD,10:0d:7f:80:17:80,11,-73,BezeqFree,06:ae:db:c1:ad:7d,1,-87,,,,,,,,,,,,,,,,,,,,,,,,,,,,,,,,
1/12/2017 10:43,model=SM-G950F,,,,6,BezeqFree,06:ae:db:ba:1e:85,11,-81,sellahome,d8:fb:5e:17:47:f8,9,-83,shweiger1,14:ae:db:c1:ad:7d,1,-84,ELDAD,10:0d:7f:80:17:80,11,-87,Lahav,08:3e:5d:5c:72:5e,11,-89,Orit,c4:a8:1d:12:7d:4c,6,-91,,,,,,,,,,,,,,,,
1/12/2017 10:43,model=SM-G950F,,,,3,DIR-825-4f83,80:26:89:0d:4f:84,1,-73,sellahome_2EX,74:da:38:14:1f:8d,9,-82,Mevohot_3,60:e3:27:e8:41:e8,11,-86,,,,,,,,,,,,,,,,,,,,,,,,,,,,
1/12/2017 10:43,model=SM-G950F,,,,1,Mevohot_1,20:0c:c8:1b:a2:48,6,-95,,,,,,,,,,,,,,,,,,,,,,,,,,,,,,,,,,,,
1/12/2017 10:43,model=SM-G950F,,,,1,lellouche,a4:2b:b0:ad:2d:34,5,-93,,,,,,,,,,,,,,,,,,,,,,,,,,,,,,,,,,,,
1/12/2017 11:01,model=SM-G950F,,,,1,Orit,c4:a8:1d:12:7d:4c,6,-66,,,,,,,,,,,,,,,,,,,,,,,,,,,,,,,,,,,,
1/12/2017 11:01,model=SM-G950F,,,,2,sellahome,d8:fb:5e:17:47:f8,9,-89,Ben-Eliyahu_PC,80:1f:02:d4:9a:92,10,-92,,,,,,,,,,,,,,,,,,,,,,,,,,,,,,,,
1/12/2017 11:01,model=SM-G950F,,,,2,lellouche,a4:2b:b0:ad:2d:34,5,-82,DIRECT-CC-HP DeskJet 4670 series,70:5a:0f:b2:64:cd,6,-93,,,,,,,,,,,,,,,,,,,,,,,,,,,,,,,,
1/12/2017 11:01,model=SM-G950F,,,,1,DIR-825-4f83,80:26:89:0d:4f:84,1,-70,,,,,,,,,,,,,,,,,,,,,,,,,,,,,,,,,,,,
1/12/2017 11:01,model=SM-G950F,,,,1,DIR-825-4f83,80:26:89:0d:4f:84,1,-76,,,,,,,,,,,,,,,,,,,,,,,,,,,,,,,,,,,,
1/12/2017 11:01,model=SM-G950F,,,,1,DIR-825-4f83,80:26:89:0d:4f:84,1,-84,,,,,,,,,,,,,,,,,,,,,,,,,,,,,,,,,,,,
1/12/2017 11:01,model=SM-G950F,,,,2,Oded,14:cc:20:76:b8:2a,11,-87,HOTBOX-747B,e8:d1:1b:72:74:81,1,-91,,,,,,,,,,,,,,,,,,,,,,,,,,,,,,,,
1/12/2017 11:00,model=SM-G950F,,,,1,Siemens,d0:d4:12:5e:db:f2,11,-93,,,,,,,,,,,,,,,,,,,,,,,,,,,,,,,,,,,,
1/12/2017 11:00,model=SM-G950F,,,,1,Motti11,a4:2b:b0:d4:55:36,6,-74,,,,,,,,,,,,,,,,,,,,,,,,,,,,,,,,,,,,
1/12/2017 11:00,model=SM-G950F,,,,1,TP-LINK_76C08E,14:cc:20:76:c0:8e,1,-85,,,,,,,,,,,,,,,,,,,,,,,,,,,,,,,,,,,,
1/12/2017 11:00,model=SM-G950F,,,,1,Gillad-1_2.4,c4:04:15:64:e8:cc,11,-77,,,,,,,,,,,,,,,,,,,,,,,,,,,,,,,,,,,,
1/12/2017 11:00,model=SM-G950F,,,,3,Siemens,d0:d4:12:5e:db:f2,11,-82,BezeqFree,5a:ab:1b:62:0d:fd,2,-82,HP-Print-8A-Deskjet 4640 series,8c:dc:d4:6a:a9:8a,11,-84,,,,,,,,,,,,,,,,,,,,,,,,,,,,
1/12/2017 11:00,model=SM-G950F,,,,1,Mehta_Up,f8:d1:11:b8:3b:7e,6,-93,,,,,,,,,,,,,,,,,,,,,,,,,,,,,,,,,,,,
1/12/2017 11:00,model=SM-G950F,,,,1,Home,82:2a:a8:bf:93:e5,1,-85,,,,,,,,,,,,,,,,,,,,,,,,,,,,,,,,,,,,
1/12/2017 11:00,model=SM-G950F,,,,1,Fuck Off,14:cc:20:da:ab:9a,11,-77,,,,,,,,,,,,,,,,,,,,,,,,,,,,,,,,,,,,
1/12/2017 11:00,model=SM-G950F,,,,1,LRWN,0c:f4:d5:29:a2:9c,36,-72,,,,,,,,,,,,,,,,,,,,,,,,,,,,,,,,,,,,
1/12/2017 11:00,model=SM-G950F,,,,2,Mehta_Up,f8:d1:11:b8:3b:7e,6,-86,HOTBOX-8156,b4:ee:b4:a7:81:5c,1,-93,,,,,,,,,,,,,,,,,,,,,,,,,,,,,,,,
1/12/2017 10:59,model=SM-G950F,,,,1,Candan,c0:ff:d4:7b:82:30,1,-86,,,,,,,,,,,,,,,,,,,,,,,,,,,,,,,,,,,,
1/12/2017 10:59,model=SM-G950F,,,,1,Home,82:2a:a8:bf:94:29,11,-70,,,,,,,,,,,,,,,,,,,,,,,,,,,,,,,,,,,,
1/12/2017 10:59,model=SM-G950F,,,,2,DIRECT-1C-HP DeskJet 3830 series,94:57:a5:4b:4f:41,6,-77,BezeqFree,06:ae:db:48:af:4d,9,-90,,,,,,,,,,,,,,,,,,,,,,,,,,,,,,,,
1/12/2017 10:59,model=SM-G950F,,,,1,landau,d4:7b:b0:79:65:fc,11,-89,,,,,,,,,,,,,,,,,,,,,,,,,,,,,,,,,,,,
1/12/2017 10:59,model=SM-G950F,,,,3,SIEMENS_LivingRoom,d4:6e:0e:3c:44:e1,1,-77,hot,00:14:bf:42:7e:96,9,-83,hot,18:d6:c7:97:bd:2a,11,-86,,,,,,,,,,,,,,,,,,,,,,,,,,,,
1/12/2017 10:59,model=SM-G950F,,,,1,hot,00:14:bf:42:7e:96,9,-88,,,,,,,,,,,,,,,,,,,,,,,,,,,,,,,,,,,,
1/12/2017 10:59,model=SM-G950F,,,,2,Motti11,a4:2b:b0:d4:55:36,6,-82,motti-5ghz,a4:2b:b0:d4:55:38,40,-88,,,,,,,,,,,,,,,,,,,,,,,,,,,,,,,,
1/12/2017 10:59,model=SM-G950F,,,,1,DIR-825-4f83,80:26:89:0d:4f:84,1,-91,,,,,,,,,,,,,,,,,,,,,,,,,,,,,,,,,,,,
1/12/2017 10:59,model=SM-G950F,,,,1,sirocco_2.4o,14:cc:20:09:3c:b9,11,-83,,,,,,,,,,,,,,,,,,,,,,,,,,,,,,,,,,,,
1/12/2017 10:59,model=SM-G950F,,,,1,tal2,90:8d:78:54:22:a1,60,-78,,,,,,,,,,,,,,,,,,,,,,,,,,,,,,,,,,,,
1/12/2017 10:59,model=SM-G950F,,,,1,My_Internet,fc:75:16:2e:5a:47,10,-81,,,,,,,,,,,,,,,,,,,,,,,,,,,,,,,,,,,,
1/12/2017 10:59,model=SM-G950F,,,,1,Partner-4G-B6D4,a8:c8:3a:35:b6:d4,1,-92,,,,,,,,,,,,,,,,,,,,,,,,,,,,,,,,,,,,
1/12/2017 10:59,model=SM-G950F,,,,1,amnon,c0:ac:54:f8:6c:8a,6,-78,,,,,,,,,,,,,,,,,,,,,,,,,,,,,,,,,,,,
1/12/2017 10:58,model=SM-G950F,,,,3,edimax.setup,74:da:38:c6:57:9b,9,-71,TP-LINK_E3CA,84:16:f9:e4:e3:ca,9,-77,frank,e8:94:f6:e2:6e:4b,6,-80,,,,,,,,,,,,,,,,,,,,,,,,,,,,
1/12/2017 10:58,model=SM-G950F,,,,2,UFI_UF230_B3F,00:0b:6c:4d:1b:3f,6,-69,hot,00:1c:10:09:4f:bc,3,-71,,,,,,,,,,,,,,,,,,,,,,,,,,,,,,,,
1/12/2017 10:58,model=SM-G950F,,,,1,UFI_UF230_B3F,00:0b:6c:4d:1b:3f,6,-75,,,,,,,,,,,,,,,,,,,,,,,,,,,,,,,,,,,,
1/12/2017 10:58,model=SM-G950F,,,,5,Oded,14:cc:20:76:b8:2a,11,-70,HP-Print-AF-Officejet Pro 6830,28:80:23:40:5f:af,6,-71,HOTBOX-2017,c0:ac:54:f5:7d:bd,11,-72,TP-LINK_76C08E,14:cc:20:76:c0:8e,1,-90,Laufer-wifi,4c:60:de:51:8b:ca,11,-93,,,,,,,,,,,,,,,,,,,,
1/12/2017 10:58,model=SM-G950F,,,,5,HP-Print-AF-Officejet Pro 6830,28:80:23:40:5f:af,6,-78,Oded 2.4Ghz,00:12:2a:e1:6c:48,11,-79,Oded,14:cc:20:76:b8:2a,11,-81,Oded 5Ghz,00:12:2a:e1:6c:4c,48,-84,Motti11,a4:2b:b0:d4:55:36,6,-87,,,,,,,,,,,,,,,,,,,,
1/12/2017 10:58,model=SM-G950F,,,,2,44870715,14:ae:db:b7:ab:ad,6,-85,yotam17,7c:b7:33:ea:b8:ff,10,-93,,,,,,,,,,,,,,,,,,,,,,,,,,,,,,,,
1/12/2017 10:58,model=SM-G950F,,,,5,nurit,a0:4f:d4:45:1f:a1,1,-74,yotam17,f8:ab:05:e9:6d:3d,10,-75,tal,90:8d:78:54:22:a2,1,-81,tal2,90:8d:78:54:22:a1,60,-86,sirocco_2.4o,14:cc:20:09:3c:b9,11,-93,,,,,,,,,,,,,,,,,,,,
1/12/2017 10:58,model=SM-G950F,,,,3,Yotam _ work _ room,d8:5d:4c:d1:4d:b0,9,-75,yotam17,f8:ab:05:e9:6d:3d,10,-81,Yotam_Shir,00:26:5a:24:f4:f0,8,-90,,,,,,,,,,,,,,,,,,,,,,,,,,,,
1/12/2017 10:58,model=SM-G950F,,,,4,MNP_HOME_2.4GHz_1,04:a1:51:e0:5f:ee,6,-81,test012,00:12:2a:d2:0c:38,1,-87,My_Internet,fc:75:16:2e:5a:47,10,-88,nurit,a0:4f:d4:45:1f:a1,1,-95,,,,,,,,,,,,,,,,,,,,,,,,
1/12/2017 10:58,model=SM-G950F,,,,2,Beni,c4:12:f5:f4:82:42,9,-80,HOTBOX111,c0:ac:54:f7:3c:c2,1,-89,,,,,,,,,,,,,,,,,,,,,,,,,,,,,,,,
1/12/2017 10:58,model=SM-G950F,,,,2,HOTBOX,c0:ac:54:f7:42:60,1,-82,Beni,c4:12:f5:f4:82:42,9,-88,,,,,,,,,,,,,,,,,,,,,,,,,,,,,,,,
1/12/2017 10:58,model=SM-G950F,,,,4,HOTBOX-F028,18:1e:78:86:03:15,1,-61,amnon,c0:ac:54:f8:6c:8a,6,-87,yotam17,b0:b2:8f:36:a2:b3,10,-91,Motti11,a4:2b:b0:d4:55:36,6,-93,,,,,,,,,,,,,,,,,,,,,,,,
1/12/2017 10:58,model=SM-G950F,,,,4,Daizad,e8:cc:18:ac:1a:52,7,-72,Is,16:0c:c3:ee:27:39,6,-83,HOTBOX-F028,00:78:9e:fa:6f:c3,1,-85,Beni,c4:12:f5:f4:82:42,9,-96,,,,,,,,,,,,,,,,,,,,,,,,
1/12/2017 10:58,model=SM-G950F,,,,1,Pantum-AP-9DDCCB,28:f3:66:9d:dc:cb,11,-84,,,,,,,,,,,,,,,,,,,,,,,,,,,,,,,,,,,,
1/12/2017 10:58,model=SM-G950F,,,,1,shmulik,d0:d4:12:64:05:12,11,-80,,,,,,,,,,,,,,,,,,,,,,,,,,,,,,,,,,,,
1/12/2017 10:57,model=SM-G950F,,,,3,kawasaki,48:ee:0c:3b:ac:5a,11,-75,Bezeq Free,62:ee:0c:3b:ac:5b,11,-75,Candan,c0:ff:d4:7b:82:30,1,-90,,,,,,,,,,,,,,,,,,,,,,,,,,,,
1/12/2017 10:57,model=SM-G950F,,,,5,hilda,00:30:4f:91:38:b3,6,-73,Bezeq Free 836CFE,52:0d:7f:83:6c:ff,11,-90,NETGEAR_DGN2200,10:0d:7f:83:6c:fe,11,-93,Ab,90:8d:78:54:d9:69,10,-95,Candan,c0:ff:d4:7b:82:30,1,-96,,,,,,,,,,,,,,,,,,,,
1/12/2017 10:57,model=SM-G950F,,,,2,arama,80:1f:02:36:04:d0,11,-67,HOTFiber arama,e0:ce:c3:23:12:30,1,-76,,,,,,,,,,,,,,,,,,,,,,,,,,,,,,,,
1/12/2017 10:57,model=SM-G950F,,,,3,nina,20:0c:c8:2b:2a:14,11,-67,arama,80:1f:02:36:04:d0,11,-76,  InnovationEndeavors,74:da:38:a9:1c:df,2,-89,,,,,,,,,,,,,,,,,,,,,,,,,,,,
1/12/2017 10:57,model=SM-G950F,,,,1,LRWN,ec:8c:a2:09:dd:48,11,-59,,,,,,,,,,,,,,,,,,,,,,,,,,,,,,,,,,,,
1/12/2017 10:57,model=SM-G950F,,,,2,Levy,f8:ab:05:46:de:55,10,-85,DIRECT-F4-HP DeskJet 3830 series,c8:d3:ff:57:60:f5,1,-93,,,,,,,,,,,,,,,,,,,,,,,,,,,,,,,,
1/12/2017 10:57,model=SM-G950F,,,,1,DIRECT-a8-HP M477 LaserJet,aa:6b:ad:04:c6:a8,1,-94,,,,,,,,,,,,,,,,,,,,,,,,,,,,,,,,,,,,
1/12/2017 10:56,model=SM-G950F,,,,1,simon,e4:6f:13:73:0a:c2,8,-90,,,,,,,,,,,,,,,,,,,,,,,,,,,,,,,,,,,,
1/12/2017 10:56,model=SM-G950F,,,,1,Oberyn Martell,18:d6:c7:fb:1c:0e,8,-89,,,,,,,,,,,,,,,,,,,,,,,,,,,,,,,,,,,,
1/12/2017 10:56,model=SM-G950F,,,,1,Home,10:be:f5:40:26:82,10,-89,,,,,,,,,,,,,,,,,,,,,,,,,,,,,,,,,,,,
1/12/2017 10:55,model=SM-G950F,,,,1,Home,34:36:3b:c2:be:b8,11,-91,,,,,,,,,,,,,,,,,,,,,,,,,,,,,,,,,,,,
1/12/2017 10:55,model=SM-G950F,,,,1,BezeqFree,62:be:f5:40:26:83,10,-96,,,,,,,,,,,,,,,,,,,,,,,,,,,,,,,,,,,,
1/12/2017 10:52,model=SM-G950F,,,,1,edimax_5G_A9241C,74:da:38:a9:24:1c,40,-79,,,,,,,,,,,,,,,,,,,,,,,,,,,,,,,,,,,,
1/12/2017 10:52,model=SM-G950F,,,,1,forestisthebest-guest,c8:d7:19:d4:7c:75,6,-94,,,,,,,,,,,,,,,,,,,,,,,,,,,,,,,,,,,,
1/12/2017 10:51,model=SM-G950F,,,,1,edimax_5G_A9241C,74:da:38:a9:24:1c,40,-84,,,,,,,,,,,,,,,,,,,,,,,,,,,,,,,,,,,,
1/12/2017 10:51,model=SM-G950F,,,,1,forestisthebest,c8:d7:19:d4:7c:73,6,-93,,,,,,,,,,,,,,,,,,,,,,,,,,,,,,,,,,,,
1/12/2017 10:51,model=SM-G950F,,,,1,dlink-A09C,ac:f1:df:76:a0:9c,11,-94,,,,,,,,,,,,,,,,,,,,,,,,,,,,,,,,,,,,
1/12/2017 10:51,model=SM-G950F,,,,2,BezeqFree,62:ee:0c:39:f9:16,5,-84,Ronizyc1,48:ee:0c:39:f9:15,5,-85,,,,,,,,,,,,,,,,,,,,,,,,,,,,,,,,
1/12/2017 10:51,model=SM-G950F,,,,1,Ronizyc1,48:ee:0c:39:f9:15,5,-92,,,,,,,,,,,,,,,,,,,,,,,,,,,,,,,,,,,,
1/12/2017 10:51,model=SM-G950F,,,,1,Li,c0:ac:54:f8:6b:28,1,-80,,,,,,,,,,,,,,,,,,,,,,,,,,,,,,,,,,,,
1/12/2017 10:51,model=SM-G950F,,,,3,oved-main_2EX,74:da:38:97:66:9d,6,-77,HOTBOX12,a0:8e:78:7f:2a:69,1,-87,bait,10:be:f5:3f:b2:ce,10,-94,,,,,,,,,,,,,,,,,,,,,,,,,,,,
1/12/2017 10:50,model=SM-G950F,,,,2,Eric 2.4,c4:a8:1d:13:2a:95,1,-87,  InnovationEndeavors,74:da:38:a9:1c:df,2,-89,,,,,,,,,,,,,,,,,,,,,,,,,,,,,,,,
1/12/2017 10:50,model=SM-G950F,,,,1,shlomi,d8:5d:4c:d9:c4:68,1,-77,,,,,,,,,,,,,,,,,,,,,,,,,,,,,,,,,,,,
1/12/2017 10:50,model=SM-G950F,,,,1,shlomi,d8:5d:4c:d9:c4:68,1,-82,,,,,,,,,,,,,,,,,,,,,,,,,,,,,,,,,,,,
1/12/2017 10:50,model=SM-G950F,,,,2,Gana7_2GExt,64:d9:54:e4:95:37,5,-90,Gana7,48:ee:0c:3c:30:1e,5,-93,,,,,,,,,,,,,,,,,,,,,,,,,,,,,,,,
1/12/2017 10:50,model=SM-G950F,,,,3,maya salon,c4:a8:1d:12:df:c5,1,-89,@Cafe,52:a8:1d:12:df:c4,1,-92,luxynet,00:c0:02:0a:c6:c2,7,-93,,,,,,,,,,,,,,,,,,,,,,,,,,,,
1/12/2017 10:50,model=SM-G950F,,,,1,Shani - Green,54:b8:0a:34:68:90,6,-89,,,,,,,,,,,,,,,,,,,,,,,,,,,,,,,,,,,,
1/12/2017 10:50,model=SM-G950F,,,,2,varda,c4:12:f5:85:27:c2,1,-83,varda_HD,c4:12:f5:85:27:c1,60,-88,,,,,,,,,,,,,,,,,,,,,,,,,,,,,,,,
1/12/2017 10:50,model=SM-G950F,,,,1,urigil1,a0:ab:1b:5d:c2:60,10,-97,,,,,,,,,,,,,,,,,,,,,,,,,,,,,,,,,,,,
1/12/2017 10:50,model=SM-G950F,,,,2,NIPPON_3687,08:97:58:32:d2:98,2,-79,Gil Kitchen,80:1f:02:a3:7d:62,6,-87,,,,,,,,,,,,,,,,,,,,,,,,,,,,,,,,
1/12/2017 10:50,model=SM-G950F,,,,1,DIRECT-74-HP DeskJet 4670 series,3c:52:82:af:42:75,1,-59,,,,,,,,,,,,,,,,,,,,,,,,,,,,,,,,,,,,
1/12/2017 10:50,model=SM-G950F,,,,2,DIRECT-CC-HP DeskJet 4670 series,70:5a:0f:b2:64:cd,6,-75,BS-WIFI-4EVER,fc:75:16:55:27:fa,6,-94,,,,,,,,,,,,,,,,,,,,,,,,,,,,,,,,
1/12/2017 10:50,model=SM-G950F,,,,1,DIRECT-CC-HP DeskJet 4670 series,70:5a:0f:b2:64:cd,6,-80,,,,,,,,,,,,,,,,,,,,,,,,,,,,,,,,,,,,
1/12/2017 10:50,model=SM-G950F,,,,4,DIR-825-4f83,80:26:89:0d:4f:84,1,-71,BezeqFree,06:ae:db:ba:1e:85,11,-76,GuyHila,14:ae:db:ba:1e:85,11,-76,Mevohot_3,60:e3:27:e8:41:e8,11,-80,,,,,,,,,,,,,,,,,,,,,,,,
1/12/2017 10:49,model=SM-G950F,,,,1,Lahav,b0:b2:8f:01:ad:fe,11,-73,,,,,,,,,,,,,,,,,,,,,,,,,,,,,,,,,,,,
1/12/2017 10:49,model=SM-G950F,,,,1,BezeqFree,62:ee:0c:3d:eb:b9,9,-88,,,,,,,,,,,,,,,,,,,,,,,,,,,,,,,,,,,,
1/12/2017 10:49,model=SM-G950F,,,,1,Zvi_2.4,10:5a:f7:0f:d5:32,11,-91,,,,,,,,,,,,,,,,,,,,,,,,,,,,,,,,,,,,
1/12/2017 11:01,model=SM-G950F,,,,1,love,14:ae:db:58:73:75,1,-58,,,,,,,,,,,,,,,,,,,,,,,,,,,,,,,,,,,,
1/12/2017 11:01,model=SM-G950F,,,,2,Bezeq Free GA32E3,52:b0:ce:ac:32:98,1,-67,Lahav,08:3e:5d:5c:72:5e,11,-83,,,,,,,,,,,,,,,,,,,,,,,,,,,,,,,,
1/12/2017 11:01,model=SM-G950F,,,,1,DIR-825-4f83,80:26:89:0d:4f:84,1,-70,,,,,,,,,,,,,,,,,,,,,,,,,,,,,,,,,,,,
1/12/2017 11:01,model=SM-G950F,,,,1,DIR-825-4f83,80:26:89:0d:4f:84,1,-78,,,,,,,,,,,,,,,,,,,,,,,,,,,,,,,,,,,,
1/12/2017 11:00,model=SM-G950F,,,,2,Oded 5Ghz,00:12:2a:e1:6c:4c,48,-89,Oded 2.4Ghz,00:12:2a:e1:6c:48,11,-89,,,,,,,,,,,,,,,,,,,,,,,,,,,,,,,,
1/12/2017 11:00,model=SM-G950F,,,,1,HP-Print-AF-Officejet Pro 6830,28:80:23:40:5f:af,6,-70,,,,,,,,,,,,,,,,,,,,,,,,,,,,,,,,,,,,
1/12/2017 11:00,model=SM-G950F,,,,1,Laufer-wifi,4c:60:de:51:8b:ca,11,-89,,,,,,,,,,,,,,,,,,,,,,,,,,,,,,,,,,,,
1/12/2017 11:00,model=SM-G950F,,,,2,UFI_UF230_B3F,00:0b:6c:4d:1b:3f,6,-70,TUCHLER,00:26:5a:69:94:e3,6,-90,,,,,,,,,,,,,,,,,,,,,,,,,,,,,,,,
1/12/2017 11:00,model=SM-G950F,,,,3,ter123,70:4d:7b:0c:89:50,6,-75,UFI_UF230_B3F,00:0b:6c:4d:1b:3f,6,-81,hot,00:1c:10:09:4f:bc,3,-84,,,,,,,,,,,,,,,,,,,,,,,,,,,,
1/12/2017 11:00,model=SM-G950F,,,,1,frank,e8:94:f6:e2:6e:4b,6,-65,,,,,,,,,,,,,,,,,,,,,,,,,,,,,,,,,,,,
1/12/2017 11:00,model=SM-G950F,,,,3,klaiman,a0:ab:1b:62:0d:fc,2,-83,LRWN,0c:f4:d5:29:a2:9c,36,-89,HOTBOX-651B,54:64:d9:5f:59:83,1,-92,,,,,,,,,,,,,,,,,,,,,,,,,,,,
1/12/2017 11:00,model=SM-G950F,,,,1,landau,74:da:38:14:4b:88,11,-86,,,,,,,,,,,,,,,,,,,,,,,,,,,,,,,,,,,,
1/12/2017 11:00,model=SM-G950F,,,,1,nina,20:0c:c8:2b:2a:14,11,-71,,,,,,,,,,,,,,,,,,,,,,,,,,,,,,,,,,,,
1/12/2017 10:59,model=SM-G950F,,,,1,HOTBOX-651B,54:64:d9:5f:59:83,1,-77,,,,,,,,,,,,,,,,,,,,,,,,,,,,,,,,,,,,
1/12/2017 10:59,model=SM-G950F,,,,2,WR,00:30:4f:82:7b:30,11,-89,klaiman,a0:ab:1b:62:0d:fc,2,-90,,,,,,,,,,,,,,,,,,,,,,,,,,,,,,,,
1/12/2017 10:59,model=SM-G950F,,,,2,UFI_UF230_B3F,00:0b:6c:4d:1b:3f,6,-88,hot,00:1c:10:09:4f:bc,3,-90,,,,,,,,,,,,,,,,,,,,,,,,,,,,,,,,
1/12/2017 10:59,model=SM-G950F,,,,2,nina,20:0c:c8:2b:2a:14,11,-76,DIRECT-1C-HP DeskJet 3830 series,94:57:a5:4b:4f:41,6,-85,,,,,,,,,,,,,,,,,,,,,,,,,,,,,,,,
1/12/2017 10:59,model=SM-G950F,,,,2,BezeqFree,5a:ab:1b:62:0d:fd,2,-85,geller,00:78:9e:fa:3b:62,11,-90,,,,,,,,,,,,,,,,,,,,,,,,,,,,,,,,
1/12/2017 10:59,model=SM-G950F,,,,1,ter123,70:4d:7b:0c:89:50,6,-83,,,,,,,,,,,,,,,,,,,,,,,,,,,,,,,,,,,,
1/12/2017 10:59,model=SM-G950F,,,,2,claire,cc:b2:55:67:2b:85,6,-90,Bezeq Free 672B84,62:b2:55:67:2b:86,6,-92,,,,,,,,,,,,,,,,,,,,,,,,,,,,,,,,
1/12/2017 10:59,model=SM-G950F,,,,2,yotam17,f8:ab:05:e9:6d:3d,10,-78,Yotam_Shir,00:26:5a:24:f4:f0,8,-87,,,,,,,,,,,,,,,,,,,,,,,,,,,,,,,,
1/12/2017 10:59,model=SM-G950F,,,,3,Beni,c4:12:f5:f4:82:42,9,-71,HOTBOX,c0:ac:54:f7:42:60,1,-84,Baruch_2.4,10:5a:f7:08:27:71,6,-90,,,,,,,,,,,,,,,,,,,,,,,,,,,,
1/12/2017 10:59,model=SM-G950F,,,,1,yotam17,b0:b2:8f:36:a2:b3,10,-91,,,,,,,,,,,,,,,,,,,,,,,,,,,,,,,,,,,,
1/12/2017 10:59,model=SM-G950F,,,,1,Daizad,e8:cc:18:ac:1a:52,7,-81,,,,,,,,,,,,,,,,,,,,,,,,,,,,,,,,,,,,
1/12/2017 10:59,model=SM-G950F,,,,2,ter123,70:4d:7b:0c:89:50,6,-88,Daizad,e8:cc:18:ac:1b:e1,3,-90,,,,,,,,,,,,,,,,,,,,,,,,,,,,,,,,
1/12/2017 10:58,model=SM-G950F,,,,2,frank,e8:94:f6:e2:6e:4b,6,-71,TP-LINK_E3CA,84:16:f9:e4:e3:ca,9,-80,,,,,,,,,,,,,,,,,,,,,,,,,,,,,,,,
1/12/2017 10:58,model=SM-G950F,,,,1,SIEMENS_LivingRoom,d4:6e:0e:3c:44:e1,1,-83,,,,,,,,,,,,,,,,,,,,,,,,,,,,,,,,,,,,
1/12/2017 10:58,model=SM-G950F,,,,2,Oded 2.4Ghz,00:12:2a:e1:6c:48,11,-69,Oded 5Ghz,00:12:2a:e1:6c:4c,48,-84,,,,,,,,,,,,,,,,,,,,,,,,,,,,,,,,
1/12/2017 10:58,model=SM-G950F,,,,2,DIR-825-4f83,80:26:89:0d:4f:84,1,-86,Oded 5Ghz,00:12:2a:e1:6c:4c,48,-90,,,,,,,,,,,,,,,,,,,,,,,,,,,,,,,,
1/12/2017 10:58,model=SM-G950F,,,,7,nurit,a0:4f:d4:45:1f:a1,1,-78,sirocco_2.4o,c4:e9:84:83:1a:0a,11,-79,tal,90:8d:78:54:22:a2,1,-79,44870715,14:ae:db:b7:ab:ad,6,-81,tal2,90:8d:78:54:22:a1,60,-84,sirocco_2.4o,14:cc:20:09:3c:b9,11,-86,DIRECT-75-HP DeskJet 4670 series,b0:5a:da:fa:44:76,6,-87,,,,,,,,,,,,
1/12/2017 10:58,model=SM-G950F,,,,2,Yotam _ work _ room,d8:5d:4c:d1:4d:b0,9,-68,tal,90:8d:78:54:22:a2,1,-87,,,,,,,,,,,,,,,,,,,,,,,,,,,,,,,,
1/12/2017 10:58,model=SM-G950F,,,,3,My_Internet,fc:75:16:2e:5a:47,10,-77,MNP_HOME_2.4GHz_1,04:a1:51:e0:5f:ee,6,-85,test012,00:12:2a:d2:0c:38,1,-88,,,,,,,,,,,,,,,,,,,,,,,,,,,,
1/12/2017 10:58,model=SM-G950F,,,,1,HOTBOX111,c0:ac:54:f7:3c:c2,1,-87,,,,,,,,,,,,,,,,,,,,,,,,,,,,,,,,,,,,
1/12/2017 10:58,model=SM-G950F,,,,2,Beni,c4:12:f5:f4:82:42,9,-82,HOTBOX,c0:ac:54:f7:42:60,1,-90,,,,,,,,,,,,,,,,,,,,,,,,,,,,,,,,
1/12/2017 10:58,model=SM-G950F,,,,4,amnon,c0:ac:54:f8:6c:8a,6,-85,Is,16:0c:c3:ee:27:39,6,-88,My_Internet,fc:75:16:2e:5a:47,10,-90,Beni,c4:12:f5:f4:82:42,9,-91,,,,,,,,,,,,,,,,,,,,,,,,
1/12/2017 10:58,model=SM-G950F,,,,2,HOTBOX-F028,18:1e:78:86:03:15,1,-76,HOTBOX-F028,00:78:9e:fa:6f:c3,1,-80,,,,,,,,,,,,,,,,,,,,,,,,,,,,,,,,
1/12/2017 10:58,model=SM-G950F,,,,1,orange,00:21:04:e7:95:da,1,-74,,,,,,,,,,,,,,,,,,,,,,,,,,,,,,,,,,,,
1/12/2017 10:58,model=SM-G950F,,,,3,dlink,00:24:01:18:99:57,6,-67,orange,00:21:04:e7:95:da,1,-90,Bezeq Free,62:19:8f:46:9f:bf,6,-94,,,,,,,,,,,,,,,,,,,,,,,,,,,,
1/12/2017 10:57,model=SM-G950F,,,,1,Candan,c0:ff:d4:7b:82:30,1,-89,,,,,,,,,,,,,,,,,,,,,,,,,,,,,,,,,,,,
1/12/2017 10:57,model=SM-G950F,,,,2,hilda,00:30:4f:91:36:07,6,-71,DIRECT-29-HP OfficeJet Pro 8710,ec:8e:b5:05:57:19,6,-91,,,,,,,,,,,,,,,,,,,,,,,,,,,,,,,,
1/12/2017 10:57,model=SM-G950F,,,,1,nina,20:0c:c8:2b:2a:14,11,-91,,,,,,,,,,,,,,,,,,,,,,,,,,,,,,,,,,,,
1/12/2017 10:57,model=SM-G950F,,,,2,ELCHARAR_2.4,20:0c:c8:0f:21:93,1,-90,Bezeq Free T00C36,5a:0c:c8:0f:21:90,1,-90,,,,,,,,,,,,,,,,,,,,,,,,,,,,,,,,
1/12/2017 10:57,model=SM-G950F,,,,3,Fuck Off Yourself,16:ae:db:c1:ae:55,9,-79,Fuck Off ext,a4:2b:b0:e0:3a:01,11,-80,Mheta_AP,86:2a:a8:eb:a9:60,6,-90,,,,,,,,,,,,,,,,,,,,,,,,,,,,
1/12/2017 10:57,model=SM-G950F,,,,1,HOTBOX-8156,b4:ee:b4:a7:81:5c,1,-89,,,,,,,,,,,,,,,,,,,,,,,,,,,,,,,,,,,,
1/12/2017 10:57,model=SM-G950F,,,,2,LRWN,0c:f4:d5:29:a2:9c,36,-68,Talfamily,e0:ce:c3:86:a7:9e,1,-80,,,,,,,,,,,,,,,,,,,,,,,,,,,,,,,,
1/12/2017 10:57,model=SM-G950F,,,,3,LRWN,ec:8c:a2:09:dd:48,11,-74,  InnovationEndeavors,74:da:38:a9:1c:df,2,-88,HOTFiber-400D,b4:ee:b4:36:dd:b9,6,-89,,,,,,,,,,,,,,,,,,,,,,,,,,,,
1/12/2017 10:57,model=SM-G950F,,,,1,LRWN,ec:8c:a2:09:dd:48,11,-86,,,,,,,,,,,,,,,,,,,,,,,,,,,,,,,,,,,,
1/12/2017 10:57,model=SM-G950F,,,,1,HOTBOX111,c0:ac:54:f6:ae:5e,11,-77,,,,,,,,,,,,,,,,,,,,,,,,,,,,,,,,,,,,
1/12/2017 10:57,model=SM-G950F,,,,1,LRWN,ec:8c:a2:09:dd:48,11,-91,,,,,,,,,,,,,,,,,,,,,,,,,,,,,,,,,,,,
1/12/2017 10:57,model=SM-G950F,,,,3,Candan,c0:ff:d4:7b:82:30,1,-89,INGENEO,cc:b2:55:e8:4c:e6,6,-91,DIRECT-a8-HP M477 LaserJet,aa:6b:ad:04:c6:a8,1,-91,,,,,,,,,,,,,,,,,,,,,,,,,,,,
1/12/2017 10:56,model=SM-G950F,,,,1,iFOREX,f8:d1:11:b1:92:93,6,-91,,,,,,,,,,,,,,,,,,,,,,,,,,,,,,,,,,,,
1/12/2017 10:56,model=SM-G950F,,,,1,HP-Print-C1-Deskjet 4640 series,28:80:23:f6:e0:c1,11,-81,,,,,,,,,,,,,,,,,,,,,,,,,,,,,,,,,,,,
1/12/2017 10:55,model=SM-G950F,,,,2,edimax_2.4G_ruty,74:da:38:d3:bb:81,2,-80,HP-Print-C1-Deskjet 4640 series,28:80:23:f6:e0:c1,11,-86,,,,,,,,,,,,,,,,,,,,,,,,,,,,,,,,
1/12/2017 10:55,model=SM-G950F,,,,2,Jamcanup,74:da:38:c3:0d:6b,2,-87,Jamcandown,74:da:38:b6:f6:c9,4,-89,,,,,,,,,,,,,,,,,,,,,,,,,,,,,,,,
1/12/2017 10:55,model=SM-G950F,,,,1,spielman,f4:f2:6d:34:56:54,1,-77,,,,,,,,,,,,,,,,,,,,,,,,,,,,,,,,,,,,
1/12/2017 10:54,model=SM-G950F,,,,1,oved-main,74:da:39:54:b8:1d,6,-64,,,,,,,,,,,,,,,,,,,,,,,,,,,,,,,,,,,,
1/12/2017 10:54,model=SM-G950F,,,,1,BezeqNGN_001489_2.4GHz_1,c0:a0:bb:cb:59:5b,1,-68,,,,,,,,,,,,,,,,,,,,,,,,,,,,,,,,,,,,
1/12/2017 10:54,model=SM-G950F,,,,1,evanson,7c:03:4c:fe:f6:68,1,-80,,,,,,,,,,,,,,,,,,,,,,,,,,,,,,,,,,,,
1/12/2017 10:53,model=SM-G950F,,,,1,spielman,7c:b7:33:2b:c4:52,1,-73,,,,,,,,,,,,,,,,,,,,,,,,,,,,,,,,,,,,
1/12/2017 10:53,model=SM-G950F,,,,1,KaymeraDev,00:f6:63:15:58:81,1,-78,,,,,,,,,,,,,,,,,,,,,,,,,,,,,,,,,,,,
1/12/2017 10:53,model=SM-G950F,,,,1,KaymeraDev,00:f6:63:15:58:81,1,-84,,,,,,,,,,,,,,,,,,,,,,,,,,,,,,,,,,,,
1/12/2017 10:51,model=SM-G950F,,,,1,evanson,7c:03:4c:fe:f6:68,1,-93,,,,,,,,,,,,,,,,,,,,,,,,,,,,,,,,,,,,
1/12/2017 10:51,model=SM-G950F,,,,1,forestisthebest,c8:d7:19:da:03:16,6,-54,,,,,,,,,,,,,,,,,,,,,,,,,,,,,,,,,,,,
1/12/2017 10:51,model=SM-G950F,,,,1,spielman,7c:b7:33:2b:c4:52,1,-81,,,,,,,,,,,,,,,,,,,,,,,,,,,,,,,,,,,,
1/12/2017 10:51,model=SM-G950F,,,,1,edimax_5G_A9241C,74:da:38:a9:24:1c,40,-82,,,,,,,,,,,,,,,,,,,,,,,,,,,,,,,,,,,,
1/12/2017 10:51,model=SM-G950F,,,,1,dlink-A09C,ac:f1:df:76:a0:9c,11,-91,,,,,,,,,,,,,,,,,,,,,,,,,,,,,,,,,,,,
1/12/2017 10:51,model=SM-G950F,,,,5,Lili,c4:12:f5:f9:5c:7c,11,-86,Liliup,74:da:38:c3:12:45,2,-88,ELCHARAR_2.4,20:0c:c8:0f:21:93,1,-89,Alpha125,10:fe:ed:74:fc:46,1,-90,Bezeq Free T00C36,5a:0c:c8:0f:21:90,1,-92,,,,,,,,,,,,,,,,,,,,
1/12/2017 10:51,model=SM-G950F,,,,1,oved-main,74:da:39:54:b8:1d,6,-83,,,,,,,,,,,,,,,,,,,,,,,,,,,,,,,,,,,,
1/12/2017 10:50,model=SM-G950F,,,,2,Neeman2.4,20:0c:c8:1d:c8:2b,1,-78,oved-main_2EX,74:da:38:97:66:9d,6,-78,,,,,,,,,,,,,,,,,,,,,,,,,,,,,,,,
1/12/2017 10:50,model=SM-G950F,,,,2,devolo-0f4,30:d3:2d:37:20:f4,6,-80,HOTBOX-4D4E,00:78:9e:fb:1e:09,1,-91,,,,,,,,,,,,,,,,,,,,,,,,,,,,,,,,
1/12/2017 10:50,model=SM-G950F,,,,1,stephane,00:24:2b:cf:13:21,1,-82,,,,,,,,,,,,,,,,,,,,,,,,,,,,,,,,,,,,
1/12/2017 10:50,model=SM-G950F,,,,1,Guymic,14:ae:db:b7:99:2d,6,-78,,,,,,,,,,,,,,,,,,,,,,,,,,,,,,,,,,,,
1/12/2017 10:50,model=SM-G950F,,,,1,Gana7_2GExt,64:d9:54:e4:95:37,5,-88,,,,,,,,,,,,,,,,,,,,,,,,,,,,,,,,,,,,
1/12/2017 10:50,model=SM-G950F,,,,1,mika1,c4:12:f5:fb:c0:3e,1,-77,,,,,,,,,,,,,,,,,,,,,,,,,,,,,,,,,,,,
1/12/2017 10:50,model=SM-G950F,,,,1,ronkla2_5,3c:1e:04:07:2a:ff,48,-85,,,,,,,,,,,,,,,,,,,,,,,,,,,,,,,,,,,,
1/12/2017 10:50,model=SM-G950F,,,,1,varda,c4:12:f5:85:27:c2,1,-88,,,,,,,,,,,,,,,,,,,,,,,,,,,,,,,,,,,,
1/12/2017 10:50,model=SM-G950F,,,,1,Ben Ami_2.4,c4:04:15:60:6a:b5,11,-73,,,,,,,,,,,,,,,,,,,,,,,,,,,,,,,,,,,,
1/12/2017 10:50,model=SM-G950F,,,,1,Helen.,a0:ab:1b:57:cd:42,10,-74,,,,,,,,,,,,,,,,,,,,,,,,,,,,,,,,,,,,
1/12/2017 10:50,model=SM-G950F,,,,1,varda,c4:12:f5:85:27:c2,1,-86,,,,,,,,,,,,,,,,,,,,,,,,,,,,,,,,,,,,
1/12/2017 10:50,model=SM-G950F,,,,2,NIPPON_3687,08:97:58:32:d2:98,2,-80,Hotbox,00:78:9e:f9:e8:58,11,-91,,,,,,,,,,,,,,,,,,,,,,,,,,,,,,,,
1/12/2017 10:50,model=SM-G950F,,,,1,NIPPON_3687,08:97:58:32:d2:98,2,-88,,,,,,,,,,,,,,,,,,,,,,,,,,,,,,,,,,,,
1/12/2017 10:50,model=SM-G950F,,,,2,DIR-825-4f83,80:26:89:0d:4f:84,1,-68,DIR-825-4f83,80:26:89:0d:4f:84,1,-77,,,,,,,,,,,,,,,,,,,,,,,,,,,,,,,,
1/12/2017 10:49,model=SM-G950F,,,,1,Mevohot_1,20:0c:c8:1b:a2:48,6,-70,,,,,,,,,,,,,,,,,,,,,,,,,,,,,,,,,,,,
1/12/2017 10:49,model=SM-G950F,,,,1,Orit,c4:a8:1d:12:7d:4c,6,-69,,,,,,,,,,,,,,,,,,,,,,,,,,,,,,,,,,,,
1/12/2017 10:49,model=SM-G950F,,,,1,Chakir,00:12:2a:35:c8:7c,1,-86,,,,,,,,,,,,,,,,,,,,,,,,,,,,,,,,,,,,
1/12/2017 10:49,model=SM-G950F,,,,1,love,14:ae:db:58:73:75,1,-78,,,,,,,,,,,,,,,,,,,,,,,,,,,,,,,,,,,,
1/12/2017 10:49,model=SM-G950F,,,,1,Volvo247,08:97:58:32:69:c6,4,-81,,,,,,,,,,,,,,,,,,,,,,,,,,,,,,,,,,,,
1/12/2017 10:49,model=SM-G950F,,,,1,Efrat,40:65:a3:35:4c:c4,1,-75,,,,,,,,,,,,,,,,,,,,,,,,,,,,,,,,,,,,
1/12/2017 11:07,model=SM-G950F,,,,2,Km,48:ee:0c:3d:eb:b8,9,-85,HUAWEI-009D,14:9d:09:80:00:9d,4,-86,,,,,,,,,,,,,,,,,,,,,,,,,,,,,,,,
1/12/2017 11:07,model=SM-G950F,,,,1,Orit,c4:a8:1d:12:7d:4c,6,-57,,,,,,,,,,,,,,,,,,,,,,,,,,,,,,,,,,,,
1/12/2017 11:07,model=SM-G950F,,,,1,Bezeq Free GA32E3,52:b0:ce:ac:32:98,1,-62,,,,,,,,,,,,,,,,,,,,,,,,,,,,,,,,,,,,
1/12/2017 11:07,model=SM-G950F,,,,1,DIR-825-4f83,80:26:89:0d:4f:84,1,-66,,,,,,,,,,,,,,,,,,,,,,,,,,,,,,,,,,,,
1/12/2017 11:06,model=SM-G950F,,,,1,DIR-825-4f83,80:26:89:0d:4f:84,1,-74,,,,,,,,,,,,,,,,,,,,,,,,,,,,,,,,,,,,
1/12/2017 11:06,model=SM-G950F,,,,1,DIR-825-4f83,80:26:89:0d:4f:84,1,-81,,,,,,,,,,,,,,,,,,,,,,,,,,,,,,,,,,,,
1/12/2017 11:06,model=SM-G950F,,,,1,HOTBOX-2017,c0:ac:54:f5:7d:bd,11,-89,,,,,,,,,,,,,,,,,,,,,,,,,,,,,,,,,,,,
1/12/2017 11:06,model=SM-G950F,,,,1,DIR-825-4f83,80:26:89:0d:4f:84,1,-87,,,,,,,,,,,,,,,,,,,,,,,,,,,,,,,,,,,,
1/12/2017 11:06,model=SM-G950F,,,,1,TP-LINK_76C08E,14:cc:20:76:c0:8e,1,-84,,,,,,,,,,,,,,,,,,,,,,,,,,,,,,,,,,,,
1/12/2017 11:06,model=SM-G950F,,,,1,ter123,70:4d:7b:0c:89:50,6,-69,,,,,,,,,,,,,,,,,,,,,,,,,,,,,,,,,,,,
1/12/2017 11:06,model=SM-G950F,,,,2,  InnovationEndeavors,74:da:38:a9:1c:df,2,-88,snapper1,00:78:9e:fa:0e:db,1,-91,,,,,,,,,,,,,,,,,,,,,,,,,,,,,,,,
1/12/2017 11:06,model=SM-G950F,,,,1,InnovationEndeavors-guest,14:ae:db:48:af:4d,9,-91,,,,,,,,,,,,,,,,,,,,,,,,,,,,,,,,,,,,
1/12/2017 11:06,model=SM-G950F,,,,1,Home,82:2a:a8:bf:94:29,11,-74,,,,,,,,,,,,,,,,,,,,,,,,,,,,,,,,,,,,
1/12/2017 11:06,model=SM-G950F,,,,1,LRWN,0c:f4:d5:29:a2:9c,36,-73,,,,,,,,,,,,,,,,,,,,,,,,,,,,,,,,,,,,
1/12/2017 11:05,model=SM-G950F,,,,3,LRWN,0c:f4:d5:29:a2:9c,36,-83,HOTFiber-400D,40:65:a3:2b:62:22,6,-83,HP-Setup>77-M277 LaserJet,92:cd:b6:2b:e9:77,1,-87,,,,,,,,,,,,,,,,,,,,,,,,,,,,
1/12/2017 11:05,model=SM-G950F,,,,1,LRWN,0c:f4:d5:29:a2:9c,36,-89,,,,,,,,,,,,,,,,,,,,,,,,,,,,,,,,,,,,
1/12/2017 11:05,model=SM-G950F,,,,1,A-Home,00:25:86:b1:6f:f8,6,-85,,,,,,,,,,,,,,,,,,,,,,,,,,,,,,,,,,,,
1/12/2017 11:05,model=SM-G950F,,,,1,RS_GUEST,e4:6f:13:71:f5:ce,9,-91,,,,,,,,,,,,,,,,,,,,,,,,,,,,,,,,,,,,
1/12/2017 11:05,model=SM-G950F,,,,2,Lili,c4:12:f5:f9:5c:7c,11,-79,HOTBOX-2E6E,b0:b2:8f:1e:ea:68,11,-81,,,,,,,,,,,,,,,,,,,,,,,,,,,,,,,,
1/12/2017 11:05,model=SM-G950F,,,,2,oved-main_2EX,74:da:38:54:b8:1c,6,-80,bait,10:be:f5:3f:b2:ce,10,-92,,,,,,,,,,,,,,,,,,,,,,,,,,,,,,,,
1/12/2017 11:05,model=SM-G950F,,,,2,Rozenkrants,86:2a:a8:a1:a0:b5,1,-89,RS_GUEST,ec:08:6b:38:0d:dd,12,-90,,,,,,,,,,,,,,,,,,,,,,,,,,,,,,,,
1/12/2017 11:05,model=SM-G950F,,,,1,stephane,00:24:2b:cf:13:21,1,-64,,,,,,,,,,,,,,,,,,,,,,,,,,,,,,,,,,,,
1/12/2017 11:05,model=SM-G950F,,,,2,shlomi,d8:5d:4c:d9:c4:68,1,-65,gononsmarthome,18:cc:23:00:18:45,3,-89,,,,,,,,,,,,,,,,,,,,,,,,,,,,,,,,
1/12/2017 11:05,model=SM-G950F,,,,3,HOTBOX-1966,6c:2e:85:fe:da:b8,6,-75,SEW132_23574336,08:97:58:31:e0:c6,3,-79,ronkla2,3c:1e:04:07:2a:fe,6,-80,,,,,,,,,,,,,,,,,,,,,,,,,,,,
1/12/2017 11:05,model=SM-G950F,,,,1,SEW132_23574336,08:97:58:31:e0:c6,3,-85,,,,,,,,,,,,,,,,,,,,,,,,,,,,,,,,,,,,
1/12/2017 11:05,model=SM-G950F,,,,1,Liza,8c:59:c3:ea:db:4b,36,-91,,,,,,,,,,,,,,,,,,,,,,,,,,,,,,,,,,,,
1/12/2017 11:04,model=SM-G950F,,,,1,varda,c4:12:f5:85:27:c2,1,-80,,,,,,,,,,,,,,,,,,,,,,,,,,,,,,,,,,,,
1/12/2017 11:04,model=SM-G950F,,,,2,kenley-up,88:dc:96:3b:f5:e0,6,-87,DIR-825-4f83,80:26:89:0d:4f:84,1,-89,,,,,,,,,,,,,,,,,,,,,,,,,,,,,,,,
1/12/2017 11:04,model=SM-G950F,,,,2,Gil Kitchen,80:1f:02:a3:7d:62,6,-83,varda,c4:12:f5:85:27:c2,1,-87,,,,,,,,,,,,,,,,,,,,,,,,,,,,,,,,
1/12/2017 11:04,model=SM-G950F,,,,2,HOTBOX1234,00:78:9e:f9:f5:5b,1,-81,DIRECT-56-HP OfficeJet 6950,30:e1:71:be:67:57,11,-90,,,,,,,,,,,,,,,,,,,,,,,,,,,,,,,,
1/12/2017 11:04,model=SM-G950F,,,,1,Lahav,fc:b4:e6:d2:86:9e,11,-81,,,,,,,,,,,,,,,,,,,,,,,,,,,,,,,,,,,,
1/12/2017 11:04,model=SM-G950F,,,,1,BezeqFree,06:ae:db:58:73:75,1,-57,,,,,,,,,,,,,,,,,,,,,,,,,,,,,,,,,,,,
1/12/2017 11:04,model=SM-G950F,,,,1,BezeqFree,06:ae:db:58:73:75,1,-74,,,,,,,,,,,,,,,,,,,,,,,,,,,,,,,,,,,,
1/12/2017 11:07,model=SM-G950F,,,,1,Orit,c4:a8:1d:12:7d:4c,6,-64,,,,,,,,,,,,,,,,,,,,,,,,,,,,,,,,,,,,
1/12/2017 11:07,model=SM-G950F,,,,2,Orit,c4:a8:1d:12:7d:4c,6,-78,Basement,f4:f2:6d:af:45:26,3,-87,,,,,,,,,,,,,,,,,,,,,,,,,,,,,,,,
1/12/2017 11:07,model=SM-G950F,,,,1,DIRECT-CC-HP DeskJet 4670 series,70:5a:0f:b2:64:cd,6,-95,,,,,,,,,,,,,,,,,,,,,,,,,,,,,,,,,,,,
1/12/2017 11:07,model=SM-G950F,,,,1,sellahome,d8:fb:5e:17:47:f8,9,-82,,,,,,,,,,,,,,,,,,,,,,,,,,,,,,,,,,,,
1/12/2017 11:06,model=SM-G950F,,,,1,HOTBOX-1A14,00:07:26:4f:07:ae,6,-86,,,,,,,,,,,,,,,,,,,,,,,,,,,,,,,,,,,,
1/12/2017 11:06,model=SM-G950F,,,,1,ELDAD,10:0d:7f:80:17:80,11,-82,,,,,,,,,,,,,,,,,,,,,,,,,,,,,,,,,,,,
1/12/2017 11:06,model=SM-G950F,,,,2,HOTBOX-2017,c0:ac:54:f5:7d:bd,11,-89,Oded,14:cc:20:76:b8:2a,11,-91,,,,,,,,,,,,,,,,,,,,,,,,,,,,,,,,
1/12/2017 11:06,model=SM-G950F,,,,1,UFI_UF230_B3F,00:0b:6c:4d:1b:3f,6,-90,,,,,,,,,,,,,,,,,,,,,,,,,,,,,,,,,,,,
1/12/2017 11:06,model=SM-G950F,,,,2,DIRECT-75-HP DeskJet 4670 series,b0:5a:da:fa:44:76,6,-85,ELDAD,10:0d:7f:80:17:80,11,-95,,,,,,,,,,,,,,,,,,,,,,,,,,,,,,,,
1/12/2017 11:06,model=SM-G950F,,,,2,maya salon,c4:a8:1d:12:df:c5,1,-94,@Cafe,52:a8:1d:12:df:c4,1,-94,,,,,,,,,,,,,,,,,,,,,,,,,,,,,,,,
1/12/2017 11:06,model=SM-G950F,,,,1,klaiman,a0:ab:1b:62:0d:fc,2,-95,,,,,,,,,,,,,,,,,,,,,,,,,,,,,,,,,,,,
1/12/2017 11:06,model=SM-G950F,,,,2,UFI_UF230_B3F,00:0b:6c:4d:1b:3f,6,-58,Oded,14:cc:20:76:b8:2a,11,-82,,,,,,,,,,,,,,,,,,,,,,,,,,,,,,,,
1/12/2017 11:06,model=SM-G950F,,,,1,InnovationEndeavors-guest,14:ae:db:48:af:4d,9,-94,,,,,,,,,,,,,,,,,,,,,,,,,,,,,,,,,,,,
1/12/2017 11:06,model=SM-G950F,,,,1,Siemens,d0:d4:12:5e:db:f2,11,-88,,,,,,,,,,,,,,,,,,,,,,,,,,,,,,,,,,,,
1/12/2017 11:06,model=SM-G950F,,,,1,HOTBOX-8156,b4:ee:b4:a7:81:5c,1,-96,,,,,,,,,,,,,,,,,,,,,,,,,,,,,,,,,,,,
1/12/2017 11:06,model=SM-G950F,,,,1,DIRECT-A5-HP DeskJet 3700 series,40:b0:34:62:33:a6,6,-87,,,,,,,,,,,,,,,,,,,,,,,,,,,,,,,,,,,,
1/12/2017 11:05,model=SM-G950F,,,,2,LRWN,ec:8c:a2:09:dd:48,11,-62,simon,e4:6f:13:73:0a:c2,8,-91,,,,,,,,,,,,,,,,,,,,,,,,,,,,,,,,
1/12/2017 11:05,model=SM-G950F,,,,3,simon,e4:6f:13:73:0a:c2,8,-79,HTC,06:c2:3e:e4:21:85,4,-86,LRWN,ec:8c:a2:09:dd:48,11,-87,,,,,,,,,,,,,,,,,,,,,,,,,,,,
1/12/2017 11:05,model=SM-G950F,,,,1,GFCM,14:ae:db:32:d5:c2,4,-95,,,,,,,,,,,,,,,,,,,,,,,,,,,,,,,,,,,,
1/12/2017 11:05,model=SM-G950F,,,,1,oved-main,74:da:39:54:b8:1d,6,-79,,,,,,,,,,,,,,,,,,,,,,,,,,,,,,,,,,,,
1/12/2017 11:05,model=SM-G950F,,,,1,,fa:8f:ca:35:6e:e9,1,-86,,,,,,,,,,,,,,,,,,,,,,,,,,,,,,,,,,,,
1/12/2017 11:05,model=SM-G950F,,,,1,David,c4:12:f5:82:92:78,9,-96,,,,,,,,,,,,,,,,,,,,,,,,,,,,,,,,,,,,
1/12/2017 11:05,model=SM-G950F,,,,1,SEW132_23574336,08:97:58:31:e0:c6,3,-78,,,,,,,,,,,,,,,,,,,,,,,,,,,,,,,,,,,,
1/12/2017 11:05,model=SM-G950F,,,,2,SEW132_23574336,08:97:58:31:e0:c6,3,-87,Shani - Green,54:b8:0a:34:78:d0,6,-88,,,,,,,,,,,,,,,,,,,,,,,,,,,,,,,,
1/12/2017 11:04,model=SM-G950F,,,,2,Liza,8c:59:c3:ea:db:4a,1,-88,INGENEO,cc:b2:55:e8:4c:e6,6,-90,,,,,,,,,,,,,,,,,,,,,,,,,,,,,,,,
1/12/2017 11:04,model=SM-G950F,,,,1,GFCM,14:ae:db:32:d5:c2,4,-92,,,,,,,,,,,,,,,,,,,,,,,,,,,,,,,,,,,,
1/12/2017 11:04,model=SM-G950F,,,,1,DIRECT-CC-HP DeskJet 4670 series,70:5a:0f:b2:64:cd,6,-67,,,,,,,,,,,,,,,,,,,,,,,,,,,,,,,,,,,,
1/12/2017 11:04,model=SM-G950F,,,,1,sellahome,d8:fb:5e:17:47:f8,9,-90,,,,,,,,,,,,,,,,,,,,,,,,,,,,,,,,,,,,
1/12/2017 11:04,model=SM-G950F,,,,1,Orit,c4:a8:1d:12:7d:4c,6,-93,,,,,,,,,,,,,,,,,,,,,,,,,,,,,,,,,,,,
1/12/2017 11:04,model=SM-G950F,,,,1,Basement,f4:f2:6d:af:45:26,3,-93,,,,,,,,,,,,,,,,,,,,,,,,,,,,,,,,,,,,
1/12/2017 11:03,model=SM-G950F,,,,1,HUAWEI-00F1,14:9d:09:80:00:f1,6,-85,,,,,,,,,,,,,,,,,,,,,,,,,,,,,,,,,,,,
1/12/2017 11:11,model=SM-G950F,,,,1,DIRECT-F6-HP DeskJet 3830 series,30:e1:71:fb:1e:f7,11,-92,,,,,,,,,,,,,,,,,,,,,,,,,,,,,,,,,,,,
1/12/2017 11:11,model=SM-G950F,,,,3,Lahav,b0:b2:8f:01:ad:fe,11,-74,dobry2016,6c:b0:ce:ac:32:9b,1,-84,Bezeq Free GA32E3,52:b0:ce:ac:32:98,1,-86,,,,,,,,,,,,,,,,,,,,,,,,,,,,
1/12/2017 11:11,model=SM-G950F,,,,2,Lahav,b0:b2:8f:01:ad:fe,11,-88,DIRECT-CC-HP DeskJet 4670 series,70:5a:0f:b2:64:cd,6,-94,,,,,,,,,,,,,,,,,,,,,,,,,,,,,,,,
1/12/2017 11:11,model=SM-G950F,,,,3,Oded 5Ghz,00:12:2a:e1:6c:4c,48,-87,Oded,14:cc:20:76:b8:2a,11,-94,Oded 2.4Ghz,00:12:2a:e1:6c:48,11,-94,,,,,,,,,,,,,,,,,,,,,,,,,,,,
1/12/2017 11:11,model=SM-G950F,,,,1,UFI_UF230_B3F,00:0b:6c:4d:1b:3f,6,-87,,,,,,,,,,,,,,,,,,,,,,,,,,,,,,,,,,,,
1/12/2017 11:11,model=SM-G950F,,,,2,hot,00:1c:10:09:4f:bc,3,-84,Floor 2,74:da:38:b6:f3:7a,2,-94,,,,,,,,,,,,,,,,,,,,,,,,,,,,,,,,
1/12/2017 11:11,model=SM-G950F,,,,2,HOTBOX-2017,c0:ac:54:f5:7d:bd,11,-72,HP-Print-AF-Officejet Pro 6830,28:80:23:40:5f:af,6,-84,,,,,,,,,,,,,,,,,,,,,,,,,,,,,,,,
1/12/2017 11:11,model=SM-G950F,,,,2,Oded,14:cc:20:76:b8:2a,11,-72,HOTBOX-2017,c0:ac:54:f5:7d:bd,11,-89,,,,,,,,,,,,,,,,,,,,,,,,,,,,,,,,
1/12/2017 11:11,model=SM-G950F,,,,2,UFI_UF230_B3F,00:0b:6c:4d:1b:3f,6,-73,Oded,14:cc:20:76:b8:2a,11,-94,,,,,,,,,,,,,,,,,,,,,,,,,,,,,,,,
1/12/2017 11:10,model=SM-G950F,,,,2,HOTBOX-62EF,d8:fb:5e:17:62:f5,1,-80,UFI_UF230_B3F,00:0b:6c:4d:1b:3f,6,-85,,,,,,,,,,,,,,,,,,,,,,,,,,,,,,,,
1/12/2017 11:10,model=SM-G950F,,,,2,UFI_UF230_B3F,00:0b:6c:4d:1b:3f,6,-91,snapper1,00:78:9e:fa:0e:db,1,-93,,,,,,,,,,,,,,,,,,,,,,,,,,,,,,,,
1/12/2017 11:10,model=SM-G950F,,,,1,HOTBOX-C18E,e0:ce:c3:8c:c1:94,1,-93,,,,,,,,,,,,,,,,,,,,,,,,,,,,,,,,,,,,
1/12/2017 11:10,model=SM-G950F,,,,1,Candan,c0:ff:d4:7b:82:30,1,-95,,,,,,,,,,,,,,,,,,,,,,,,,,,,,,,,,,,,
1/12/2017 11:10,model=SM-G950F,,,,1,Talfamily2,90:8d:78:b6:28:f6,5,-62,,,,,,,,,,,,,,,,,,,,,,,,,,,,,,,,,,,,
1/12/2017 11:10,model=SM-G950F,,,,1,Avisky,00:78:9e:fa:b2:d0,11,-91,,,,,,,,,,,,,,,,,,,,,,,,,,,,,,,,,,,,
1/12/2017 11:10,model=SM-G950F,,,,3,INGENEO,cc:b2:55:e8:4c:e6,6,-88,Candan,c0:ff:d4:7b:82:30,1,-88,simon,e4:6f:13:73:0a:c2,8,-90,,,,,,,,,,,,,,,,,,,,,,,,,,,,
1/12/2017 11:10,model=SM-G950F,,,,1,Alpha125,10:fe:ed:74:fc:46,1,-92,,,,,,,,,,,,,,,,,,,,,,,,,,,,,,,,,,,,
1/12/2017 11:10,model=SM-G950F,,,,1,  InnovationEndeavors,74:da:38:a9:1c:df,2,-92,,,,,,,,,,,,,,,,,,,,,,,,,,,,,,,,,,,,
1/12/2017 11:10,model=SM-G950F,,,,4,Hetz2,74:da:38:6c:89:7b,1,-83,DIRECT-85-HP OfficeJet Pro 6960,98:e7:f4:0a:dd:86,6,-89,RDK,58:b6:33:34:ae:f8,11,-91,gononsmarthome,18:cc:23:00:18:45,3,-92,,,,,,,,,,,,,,,,,,,,,,,,
1/12/2017 11:09,model=SM-G950F,,,,3,G10,c0:ac:54:f8:0c:ac,11,-94,TP-LINK-BET,f8:d1:11:ce:e5:e6,4,-96,HP-Print-AF-Officejet Pro 6830,28:80:23:40:5f:af,6,-96,,,,,,,,,,,,,,,,,,,,,,,,,,,,
1/12/2017 11:09,model=SM-G950F,,,,1,BezeqNGN_10072E_5GHz_1,c4:04:15:60:6a:b6,48,-82,,,,,,,,,,,,,,,,,,,,,,,,,,,,,,,,,,,,
1/12/2017 11:09,model=SM-G950F,,,,2,KaymeraGuest,00:f6:63:15:58:82,1,-94,alfa,f4:f2:6d:5e:d0:48,11,-96,,,,,,,,,,,,,,,,,,,,,,,,,,,,,,,,
1/12/2017 11:09,model=SM-G950F,,,,2,Candan,c0:ff:d4:7b:82:30,1,-89,KaymeraDev,00:f6:63:15:58:81,1,-90,,,,,,,,,,,,,,,,,,,,,,,,,,,,,,,,
1/12/2017 11:09,model=SM-G950F,,,,3,DIRECT-CC-HP DeskJet 4670 series,70:5a:0f:b2:64:cd,6,-68,ELDAD,10:0d:7f:80:17:80,11,-77,Lahav,b0:b2:8f:01:ad:fe,11,-87,,,,,,,,,,,,,,,,,,,,,,,,,,,,
1/12/2017 11:09,model=SM-G950F,,,,2,dobry2016,6c:b0:ce:ac:32:9b,1,-89,Bezeq Free GA32E3,52:b0:ce:ac:32:98,1,-90,,,,,,,,,,,,,,,,,,,,,,,,,,,,,,,,
1/12/2017 11:09,model=SM-G950F,,,,1,HOTBOX-1234,7c:03:4c:ba:f5:5a,6,-75,,,,,,,,,,,,,,,,,,,,,,,,,,,,,,,,,,,,
